peptide,antigen,category,pca_x,pca_y
NLVPMVATV,CMV pp65,viral,-1.585,1.385
GLCTLVAML,EBV BMLF1,viral,-1.2299,2.5634
GILGFVFTL,Influenza A M1,viral,-1.2687,2.7634
CLGGLLTMV,EBV LMP2A,viral,0.3829,2.0719
FLYALALLL,EBV LMP2A,viral,-0.0476,-0.8096
SLYNTVATL,HIV-1 Gag,viral,-1.4652,-0.4756
ILKEPVHGV,HIV-1 RT,viral,1.1887,-0.2007
LLFGYPVYV,HTLV-1 Tax,viral,-1.6783,0.2314
AAGIGILTV,Melan-A/MART-1,tumor,1.5385,0.4664
IMDQVPFSV,gp100,tumor,4.2914,0.0913
KTWGQYWQV,gp100,tumor,-2.3769,-3.4349
YLEPGPVTA,gp100,tumor,3.0459,-2.8993
ITDQVPFSV,gp100,tumor,4.3919,-0.0218
SLLMWITQC,NY-ESO-1,tumor,-1.835,3.1738
SLLMWITQV,NY-ESO-1,tumor,-1.8937,3.1993
RMFPNAPYL,WT1,tumor,-3.6585,-2.2325
CMTWNQMNL,WT1,tumor,2.4618,-0.6984
VLDFAPPGA,WT1,tumor,4.2603,-0.277
ILAKFLHWL,hTERT,tumor,-0.4194,3.7882
RLVDDFLLV,hTERT,tumor,-3.3741,-2.8342
LLGRNSFEV,p53,tumor,3.0649,-0.2427
KIFGSLAFL,HER2/neu (E75),tumor,-4.3144,-1.8282
IISAVVGIL,HER2/neu,tumor,0.5415,1.4684
ALCRWGLLL,HER2/neu,tumor,-0.294,3.1366
RLLQETELV,HER2/neu,tumor,-3.1724,-1.7189
YLSGANLNL,CEA,tumor,2.4012,-2.2899
FLWGPRALV,MAGE-A3,tumor,-0.8286,-3.1212
KVAELVHFL,MAGE-A3,tumor,-2.246,1.207
YMDGTMSQV,Tyrosinase,tumor,1.9481,-1.7341
STAPPVHNV,MUC1,tumor,0.351,0.9634
VLDGLDVLL,PRAME,tumor,3.0842,0.069
LMLGEFLKL,Survivin,tumor,-1.2646,-1.7594
